--Clientes
INSERT INTO TCliente (CodCliente, Apellidos, Nombres, Direccion) VALUES 
('C0001', 'Perez', 'Juan', 'Av. Lima 123, Lima'),
('C0002', 'Lopez', 'Maria', 'Calle Falsa 456, Arequipa'),
('C0003', 'Garcia', 'Carlos', 'Jr. Amazonas 789, Trujillo'),
('C0004', 'Martinez', 'Ana', 'Av. Grau 101, Chiclayo'),
('C0005', 'Rodriguez', 'Jose', 'Av. Salaverry 202, Piura'),
('C0006', 'Fernandez', 'Luis', 'Calle La Merced 303, Cusco'),
('C0007', 'Sanchez', 'Martha', 'Jr. Pizarro 404, Iquitos'),
('C0008', 'Torres', 'Pedro', 'Av. San Martin 505, Tacna'),
('C0009', 'Diaz', 'Lucia', 'Calle 28 de Julio 606, Puno'),
('C0010', 'Ramos', 'Jorge', 'Av. Larco 707, Huancayo'),
('C0011', 'Vargas', 'Carmen', 'Jr. Cajamarca 808, Ayacucho'),
('C0012', 'Castillo', 'Raul', 'Calle Grau 909, Juliaca'),
('C0013', 'Mendoza', 'Elena', 'Av. Arequipa 101, Ica'),
('C0014', 'Vega', 'Alberto', 'Jr. Junin 202, Moquegua'),
('C0015', 'Flores', 'Patricia', 'Calle Colon 303, Huaraz'),
('C0016', 'Guzman', 'Miguel', 'Av. Independencia 404, Chimbote'),
('C0017', 'Ruiz', 'Teresa', 'Jr. Tarapaca 505, Tarapoto'),
('C0018', 'Mori', 'Rosa', 'Av. Tumbes 606, Tumbes'),
('C0019', 'Valencia', 'Daniel', 'Calle Angamos 707, Cajamarca'),
('C0020', 'Aguilar', 'Laura', 'Av. Bolognesi 808, Pisco'),
('C0021', 'Cabrera', 'Fernando', 'Jr. Lima 909, Huacho'),
('C0022', 'Rivera', 'Gloria', 'Calle Lima 101, Pucallpa'),
('C0023', 'Espinoza', 'Julio', 'Av. Grau 202, Puerto Maldonado'),
('C0024', 'Romero', 'Claudia', 'Jr. Bolivar 303, Sullana'),
('C0025', 'Cortez', 'Diego', 'Av. Salaverry 404, Talara'),
('C0026', 'Ortiz', 'Silvia', 'Calle Puno 505, Huancavelica'),
('C0027', 'Campos', 'Oscar', 'Av. La Marina 606, Cajabamba'),
('C0028', 'Herrera', 'Rocio', 'Jr. Ayacucho 707, Satipo'),
('C0029', 'Luna', 'Armando', 'Av. Cusco 808, Chachapoyas'),
('C0030', 'Quispe', 'Angela', 'Calle Tarapoto 909, Abancay');


--Vendedores
INSERT INTO TVendedor (CodVendedor, Apellidos, Nombres) VALUES
('V0001', 'Apaza Rojas', 'Tania Isabel'),
('V0002', 'Argandoña Montalvo', 'Fabrizcio'),
('V0003', 'Espetia Mamani', 'Jhon Cristian'),
('V0004', 'Lechuga Miche', 'Diego Ricardo'),
('V0005', 'Romani Mora', 'Danluis Enrique');

--Boleta
INSERT INTO TBoleta (NroBoleta, Fecha, CodCliente, CodVendedor, Anulado) VALUES
(1, '2023-01-01', 'C0001', 'V0001', 0),
(2, '2023-01-02', 'C0002', 'V0002', 0),
(3, '2023-01-03', 'C0003', 'V0003', 1),
(4, '2023-01-04', 'C0004', 'V0004', 0),
(5, '2023-01-05', 'C0005', 'V0005', 1),
(6, '2023-01-06', 'C0006', 'V0001', 0),
(7, '2023-01-07', 'C0007', 'V0002', 0),
(8, '2023-01-08', 'C0008', 'V0003', 1),
(9, '2023-01-09', 'C0009', 'V0004', 0),
(10, '2023-01-10', 'C0010', 'V0005', 1),
(11, '2023-01-11', 'C0011', 'V0001', 0),
(12, '2023-01-12', 'C0012', 'V0002', 0),
(13, '2023-01-13', 'C0013', 'V0003', 1),
(14, '2023-01-14', 'C0014', 'V0004', 0),
(15, '2023-01-15', 'C0015', 'V0005', 1),
(16, '2023-01-16', 'C0016', 'V0001', 0),
(17, '2023-01-17', 'C0017', 'V0002', 0),
(18, '2023-01-18', 'C0018', 'V0003', 1),
(19, '2023-01-19', 'C0019', 'V0004', 0),
(20, '2023-01-20', 'C0020', 'V0005', 1),
(21, '2023-01-21', 'C0021', 'V0001', 0),
(22, '2023-01-22', 'C0022', 'V0002', 0),
(23, '2023-01-23', 'C0023', 'V0003', 1),
(24, '2023-01-24', 'C0024', 'V0004', 0),
(25, '2023-01-25', 'C0025', 'V0005', 1),
(26, '2023-01-26', 'C0026', 'V0001', 0),
(27, '2023-01-27', 'C0027', 'V0002', 0),
(28, '2023-01-28', 'C0028', 'V0003', 1),
(29, '2023-01-29', 'C0029', 'V0004', 0),
(30, '2023-01-30', 'C0030', 'V0005', 1);

--Categoria
INSERT INTO TCategoria (CodCategoria, Nombre, CategoriaPadre) VALUES
('C0001', 'Componentes', 'C0001'),
('C0002', 'Almacenamiento', 'C0002'),
('C0003', 'Memoria', 'C0003'),
('C0004', 'Cables y Adaptadores', 'C0004'),
('C0005', 'Fuentes de Alimentación', 'C0005'),
('C0006', 'Cajas y Accesorios', 'C0006'),
('C0007', 'Monitores', 'C0007'),
('C0008', 'Periféricos', 'C0008'),
('C0009', 'Cámaras y Seguridad', 'C0009'),
('C0010', 'Impresoras y Escáneres', 'C0010');

--Producto

INSERT INTO TProducto (CodProduto, Nombre, UnidadDeMedida, Precio, Stock, CodCategoria) VALUES
('P0001', 'Procesador Intel i9', 'Unidad', 450.00, 10, 'C0001'),
('P0002', 'Memoria RAM 16GB', 'Paquete', 85.50, 25, 'C0003'),
('P0003', 'Disco Duro SSD 1TB', 'Unidad', 120.00, 15, 'C0002'),
('P0004', 'Tarjeta Gráfica GTX 1660', 'Unidad', 300.00, 8, 'C0001'),
('P0005', 'Placa Base ASUS', 'Unidad', 150.00, 12, 'C0001'),
('P0006', 'Fuente de Alimentación 650W', 'Unidad', 75.00, 20, 'C0005'),
('P0007', 'Caja ATX', 'Unidad', 60.00, 18, 'C0006'),
('P0008', 'Ventilador Cooler Master', 'Unidad', 25.00, 30, 'C0006'),
('P0009', 'Teclado Mecánico', 'Unidad', 45.00, 22, 'C0008'),
('P0010', 'Mouse Gamer', 'Unidad', 35.00, 28, 'C0008'),
('P0011', 'Monitor 24" LED', 'Unidad', 160.00, 10, 'C0007'),
('P0012', 'Cable HDMI 2m', 'Unidad', 10.00, 50, 'C0004'),
('P0013', 'Impresora Multifuncional', 'Unidad', 200.00, 5, 'C0010'),
('P0014', 'Router Inalámbrico', 'Unidad', 55.00, 15, 'C0008'),
('P0015', 'Disco Duro Externo 2TB', 'Unidad', 110.00, 12, 'C0002'),
('P0016', 'Webcam HD', 'Unidad', 40.00, 18, 'C0009'),
('P0017', 'Altavoces 2.1', 'Paquete', 80.00, 10, 'C0008'),
('P0018', 'Microprocesador Ryzen 7', 'Unidad', 320.00, 8, 'C0001'),
('P0019', 'Memoria RAM 8GB', 'Paquete', 45.00, 25, 'C0003'),
('P0020', 'Disco Duro HDD 1TB', 'Unidad', 50.00, 15, 'C0002'),
('P0021', 'Tarjeta Gráfica RTX 3060', 'Unidad', 400.00, 5, 'C0001'),
('P0022', 'Placa Base MSI', 'Unidad', 130.00, 10, 'C0001'),
('P0023', 'Fuente de Alimentación 750W', 'Unidad', 90.00, 12, 'C0005'),
('P0024', 'Caja MicroATX', 'Unidad', 45.00, 20, 'C0006'),
('P0025', 'Ventilador Noctua', 'Unidad', 30.00, 25, 'C0006'),
('P0026', 'Teclado Inalámbrico', 'Unidad', 50.00, 18, 'C0008'),
('P0027', 'Mouse Óptico', 'Unidad', 20.00, 28, 'C0008'),
('P0028', 'Monitor 27" 4K', 'Unidad', 300.00, 7, 'C0007'),
('P0029', 'Cable USB-C 1m', 'Unidad', 8.00, 40, 'C0004'),
('P0030', 'Impresora Láser', 'Unidad', 250.00, 3, 'C0010');

--Tdetalle
--Insertar Detalles

INSERT INTO TDetalle (NroBoleta, CodProducto, Cantidad, PrecioUnitario) VALUES
(1, 'P0001', 2, 450.00),
(1, 'P0002', 1, 85.50),
(2, 'P0003', 1, 120.00),
(2, 'P0004', 1, 300.00),
(3, 'P0005', 1, 150.00),
(3, 'P0006', 1, 75.00),
(4, 'P0007', 2, 60.00),
(4, 'P0008', 3, 25.00),
(5, 'P0009', 1, 45.00),
(5, 'P0010', 2, 35.00),
(6, 'P0011', 1, 160.00),
(6, 'P0012', 5, 10.00),
(7, 'P0013', 1, 200.00),
(7, 'P0014', 2, 55.00),
(8, 'P0015', 1, 110.00),
(8, 'P0016', 2, 40.00),
(9, 'P0017', 1, 80.00),
(9, 'P0018', 1, 320.00),
(10, 'P0019', 2, 45.00),
(10, 'P0020', 1, 50.00),
(11, 'P0021', 1, 400.00),
(11, 'P0022', 1, 130.00),
(12, 'P0023', 1, 90.00),
(12, 'P0024', 1, 45.00),
(13, 'P0025', 2, 30.00),
(13, 'P0026', 1, 50.00),
(14, 'P0027', 3, 20.00),
(14, 'P0028', 1, 300.00),
(15, 'P0029', 5, 8.00),
(15, 'P0030', 1, 250.00),
(16, 'P0001', 1, 450.00),
(16, 'P0003', 2, 120.00),
(17, 'P0002', 1, 85.50),
(17, 'P0004', 1, 300.00),
(18, 'P0005', 1, 150.00),
(18, 'P0006', 1, 75.00),
(19, 'P0007', 1, 60.00),
(19, 'P0008', 2, 25.00),
(20, 'P0009', 1, 45.00),
(20, 'P0010', 2, 35.00),
(21, 'P0011', 1, 160.00),
(21, 'P0012', 3, 10.00),
(22, 'P0013', 1, 200.00),
(22, 'P0014', 2, 55.00),
(23, 'P0015', 1, 110.00),
(23, 'P0016', 2, 40.00),
(24, 'P0017', 1, 80.00),
(24, 'P0018', 1, 320.00),
(25, 'P0019', 1, 45.00),
(25, 'P0020', 1, 50.00),
(26, 'P0021', 1, 400.00),
(26, 'P0022', 1, 130.00),
(27, 'P0023', 1, 90.00),
(27, 'P0024', 1, 45.00),
(28, 'P0025', 2, 30.00),
(28, 'P0026', 1, 50.00),
(29, 'P0027', 3, 20.00),
(29, 'P0028', 1, 300.00),
(30, 'P0029', 5, 8.00),
(30, 'P0030', 1, 250.00);

select * from TCliente
select * from TVendedor
select * from TBoleta
select * from TCategoria
select * from TProducto
select * from TDetalle